suite,condition,dataset,model,optimizer,policy,n,test_acc_mean,test_acc_ci95,mean_loss_mean,mean_loss_ci95,f_clip_mean,f_clip_ci95,i_clip_mean,i_clip_ci95,n_switch_mean,n_switch_ci95,mean_c1_mean,mean_c1_ci95,mean_c2_mean,mean_c2_ci95
a4,,mnist,mlp,sgd,none,5,0.9282,0.00559201430613335,0.5446068368405104,0.012275323087780348,0.0,0.0,0.0,0.0,0.0,0.0,0.2779252201318741,0.031106854497826002,0.04341849517077208,0.04212797774400797
a4,,mnist,mlp,sgd,fixed,5,0.9162000000000001,0.007544090667535752,0.5829835828244686,0.00573432341374198,0.73,0.04249178744181044,0.2522266392409801,0.01662669543722178,21.8,3.890488915290725,0.335476940870285,0.05464661277709013,0.03155381660908461,0.040332550893539994
a4,,mnist,mlp,sgd,agc,5,0.8846,0.0034425769417690457,1.1746375334262846,0.01026222298216135,1.0,0.0,0.8556623322303576,0.001334137176897715,0.0,0.0,0.47346832752227785,0.03809452620947791,0.44304428100585935,0.04543223020055113
a4,,mnist,mlp,sgd,dagc,5,0.9218,0.005505472186833761,0.5685365350991487,0.00739892707254574,0.362,0.030616178729554085,0.11788948061810964,0.0176589103183913,11.6,1.466729695615385,0.3294255375862122,0.02427490761897015,0.01773349065333605,0.020149904278416828
a4,,mnist,mlp,adamw,none,5,0.9259999999999999,0.003980778818271635,0.44413347098231315,0.003278823874879547,0.0,0.0,0.0,0.0,0.0,0.0,0.31858354806900024,0.029846421466732557,0.053244725614786145,0.023760471717526505
a4,,mnist,mlp,adamw,fixed,5,0.9196,0.0046319905008538245,0.4577415869385004,0.00450167270911552,0.858,0.03582030708969425,0.3114731526672839,0.019641442545993655,15.6,4.452264143107414,0.31955631375312804,0.035027450123492315,0.02702523684129119,0.022046075633476773
a4,,mnist,mlp,adamw,agc,5,0.9183,0.002816541141187195,0.43362147369980814,0.004782748784100714,1.0,0.0,0.8924733385170599,0.005075263308352547,0.0,0.0,0.29828138947486876,0.052382154253348884,0.035600966215133666,0.01201799158765253
a4,,mnist,mlp,adamw,dagc,5,0.9206,0.004419789135241646,0.4549021213948726,0.004602852125120389,0.644,0.0319666326033882,0.18910621888997978,0.008089214042758787,21.0,4.382693235899588,0.32428366541862486,0.043371237163866296,0.02277575181797147,0.0215162583715661
a4,,mnist,small_cnn,sgd,none,5,0.9638,0.0014732630450805346,0.5813605789169669,0.022631156418215923,0.0,0.0,0.0,0.0,0.0,0.0,0.28334575295448305,0.05589646408991916,0.05486243814229965,0.02951851830322016
a4,,mnist,small_cnn,sgd,fixed,5,0.9452999999999999,0.008231999999999965,0.5613007823750377,0.016125832980238557,0.916,0.028131292185038344,0.5091447471231222,0.03605506741379334,6.6,1.3293366766925523,0.27450395822525026,0.027453754729255257,-0.23295815885066987,0.03828854651473475
a4,,mnist,small_cnn,sgd,agc,5,0.9007000000000002,0.004094946153492118,1.1685270003080368,0.03070641666808494,1.0,0.0,0.9459986417171018,0.003838906304339612,0.0,0.0,0.4152219891548157,0.01856466255975479,0.3620651185512543,0.02028219645340522
a4,,mnist,small_cnn,sgd,dagc,5,0.9486000000000001,0.006642347175509586,0.5514733270108699,0.028545752664995632,0.736,0.051708351356429864,0.38647240843991704,0.04146683317600182,15.8,1.5679999999999998,0.24626881778240203,0.02151226905469352,-0.26987217664718627,0.017541592106371007
a4,,mnist,small_cnn,adamw,none,5,0.9620000000000001,0.0037828507768613013,0.3818653095886111,0.01293916510093617,0.0,0.0,0.0,0.0,0.0,0.0,0.33085653781890867,0.03337394056307709,0.023806988447904586,0.04454826137546551
a4,,mnist,small_cnn,adamw,fixed,5,0.9635,0.003980778818271618,0.3952832575216889,0.019746757470914887,0.8459999999999999,0.028131292185038344,0.3964567231535911,0.01869853808490302,16.6,4.662987883321164,0.3187958478927612,0.02701868793352859,-0.010426106676459313,0.030469395509870007
a4,,mnist,small_cnn,adamw,agc,5,0.9682999999999999,0.003184623054617293,0.3392730403579772,0.015706925456632808,1.0,0.0,0.921994093971296,0.0043446475088823235,0.0,0.0,0.3148853540420532,0.019373820770829008,-0.01632851208560169,0.028001754555413077
a4,,mnist,small_cnn,adamw,dagc,5,0.9641,0.0035252767267265677,0.389798269353807,0.01783775287278373,0.708,0.04654742098118863,0.3079223049855604,0.01315793837889416,18.6,2.880599937513017,0.3107091009616852,0.024158383049133286,-0.022415211820043624,0.020700329623579615
a4,,fashion_mnist,mlp,sgd,none,5,0.8127000000000001,0.01072909800495828,0.739933528661728,0.03276876357389725,0.0,0.0,0.0,0.0,0.0,0.0,0.3091115415096283,0.03736810029655854,-0.016811124235391616,0.06112009681965612
a4,,fashion_mnist,mlp,sgd,fixed,5,0.7925,0.016886170673068544,0.769264830827713,0.0104469707591983,0.908,0.013001169178193177,0.42234897318482395,0.008439639373959607,7.8,2.6586733533851046,0.3312383651733398,0.053091807502451745,-0.1561257854104042,0.06949380116442093
a4,,fashion_mnist,mlp,sgd,agc,5,0.7617999999999999,0.008144029960652171,1.1829804984927177,0.012594716962057668,1.0,0.0,0.8750509460434037,0.002768571474637321,0.0,0.0,0.4738247454166412,0.0200082791805139,0.41911483407020567,0.034161538532037086
a4,,fashion_mnist,mlp,sgd,dagc,5,0.8049,0.01415548854684993,0.7588417714238166,0.007856022042535292,0.6399999999999999,0.042941448508405027,0.25500699267062904,0.016559850795975387,22.0,5.295628385753668,0.29088926017284394,0.028871411228208885,-0.18728313148021697,0.04687363464417225
a4,,fashion_mnist,mlp,adamw,none,5,0.8147,0.005282918133001874,0.6176048826575279,0.0074305998741241875,0.0,0.0,0.0,0.0,0.0,0.0,0.3550155520439148,0.06845222283608132,-0.0015702849254012109,0.04521973160780112
a4,,fashion_mnist,mlp,adamw,fixed,5,0.8103,0.004866565935030557,0.6417347075939178,0.0103816438643115,0.976,0.009994078246641867,0.5410587133765221,0.020049467644249135,2.2,1.5679999999999998,0.38781469464302065,0.05256236261400045,0.04065519608557224,0.027424341820385254
a4,,fashion_mnist,mlp,adamw,agc,5,0.8145999999999999,0.0064739366694461856,0.5983895568847656,0.00913508368558072,1.0,0.0,0.9307164491216353,0.004601294736007205,0.0,0.0,0.3573228657245636,0.05686430676892691,-0.02931993529200554,0.028093749336986377
a4,,fashion_mnist,mlp,adamw,dagc,5,0.8139,0.002962778425734848,0.6363746100664139,0.010284874300109607,0.9479999999999998,0.023519999999999968,0.4526962247499758,0.0433342076252809,6.6,2.8805999375130176,0.35886129140853884,0.05771219569342638,0.008258602861315013,0.036782015856407696
a4,,fashion_mnist,small_cnn,sgd,none,5,0.8227,0.0168080713944224,0.8442527772188188,0.04014421174953284,0.0,0.0,0.0,0.0,0.0,0.0,0.28852187395095824,0.0179653137497673,-0.024388024769723415,0.04357965717371845
a4,,fashion_mnist,small_cnn,sgd,fixed,5,0.7863999999999999,0.01374587559961169,0.8929419259428979,0.04028658560383794,0.9460000000000001,0.01175999999999998,0.625121287725866,0.009293658978244818,1.8,0.960199979171006,0.24847158491611482,0.05470115295631238,-0.3063491463661194,0.028306632743386288
a4,,fashion_mnist,small_cnn,sgd,agc,5,0.7381,0.010382451348308808,1.3162052789926528,0.017514838715723752,1.0,0.0,0.9445377356189928,0.004414661368177262,0.0,0.0,0.5032457172870636,0.020065763455348773,0.4165040493011475,0.05102862965506671
a4,,fashion_mnist,small_cnn,sgd,dagc,5,0.799,0.00809316254624855,0.8844837846159935,0.021610239607943928,0.8939999999999999,0.013293366766925536,0.4871749359747032,0.02874438321448574,11.0,2.4792256855720094,0.2396036684513092,0.021909226381376677,-0.2941087156534195,0.06227061209066569
a4,,fashion_mnist,small_cnn,adamw,none,5,0.8168,0.01059850857432309,0.6547829203009605,0.011193650228345217,0.0,0.0,0.0,0.0,0.0,0.0,0.30356815457344055,0.06888360944155027,-0.10925662778317928,0.06370525833758209
a4,,fashion_mnist,small_cnn,adamw,fixed,5,0.8112,0.010525765720364476,0.6817103731632232,0.007107104295124394,0.984,0.004800999895855033,0.6798599951714277,0.01035371980847462,1.0,0.0,0.3223491311073303,0.01898196543075016,-0.10563860074616968,0.06223113707592793
a4,,fashion_mnist,small_cnn,adamw,agc,5,0.8361000000000001,0.004794994890508211,0.6194408146739006,0.008001674572702946,1.0,0.0,0.965165047270648,0.001534720876169239,0.0,0.0,0.348626446723938,0.022181649636317902,-0.12650248482823373,0.05070976978223648
a4,,fashion_mnist,small_cnn,adamw,dagc,5,0.8160000000000001,0.009596997447118527,0.6785255007743836,0.007419489857634999,0.982,0.007333648478076932,0.6291675039731126,0.008817833229781148,1.4,0.784,0.3130595266819,0.02426460529320781,-0.10773311033844948,0.04637005270253222
