policy,seed,test_acc,diverged,mean_loss,f_clip,i_clip
none,400,0.0955,1,150.04315795004368,0.0,0.0
none,401,0.1065,1,39.77589770158132,0.0,0.0
none,402,0.102,1,33.3729514280955,0.0,0.0
fixed@0.10,400,0.825,0,0.2895377227663994,1.0,0.9143068597431062
fixed@0.10,401,0.8355,0,0.29727848805487156,1.0,0.9135952316395713
fixed@0.10,402,0.842,0,0.2887050982564688,1.0,0.9112597218876347
fixed@0.25,400,0.7995,0,0.31260320283472537,1.0,0.736425584035755
fixed@0.25,401,0.824,0,0.34255490370094777,1.0,0.7418781579156626
fixed@0.25,402,0.818,0,0.3221982321888208,1.0,0.7335088255957021
fixed@0.50,400,0.7715,0,0.4680071412026882,0.9866666666666667,0.4711813147404604
fixed@0.50,401,0.758,0,0.5395033794641495,0.99,0.5019786955048307
fixed@0.50,402,0.7895,0,0.49571344912052157,1.0,0.49170178696471795
fixed@1.00,400,0.4705,0,1.3894784331321717,0.8733333333333333,0.3921217026433255
fixed@1.00,401,0.5865,0,1.2329315054416656,0.8333333333333334,0.35121820228110096
fixed@1.00,402,0.5885,0,1.252125616967678,0.88,0.3716930005458154
agc_default,400,0.8035,0,0.2804955599457026,1.0,0.9142346973143708
agc_default,401,0.814,0,0.3036851181089878,1.0,0.9089038231733637
agc_default,402,0.8165,0,0.2903017894178629,1.0,0.9171119807130921
dagc_v2_frozen,400,0.834,0,0.21178206279873849,1.0,0.8272872504821065
dagc_v2_frozen,401,0.8355,0,0.2368706162273884,1.0,0.8193951163152277
dagc_v2_frozen,402,0.847,0,0.2319472523778677,1.0,0.7955408228463452
