label,seed,test_acc,diverged,mean_loss,f_clip,i_clip
fixed@0.25,200,0.8315,0,0.2149294099584222,1.0,0.684281790432468
fixed@0.25,201,0.8425,0,0.22616099417209626,1.0,0.6991951819224442
fixed@0.25,202,0.85,0,0.21421059723943472,1.0,0.7012423620033065
agc@default,200,0.821,0,0.2274758505821228,1.0,0.9349685868590325
agc@default,201,0.8625,0,0.2324173540621996,1.0,0.9160060479165459
agc@default,202,0.854,0,0.22812944166362287,1.0,0.9275972938903498
dagc_v1,200,0.813,0,0.34277189679443837,0.9933333333333333,0.4443931897584639
dagc_v1,201,0.791,0,0.4538543592393398,0.9366666666666666,0.387441979388444
dagc_v1,202,0.8415,0,0.3137583088129759,0.9966666666666667,0.4741340919090648
"dagc_v2@target=0.1,gamma=0.05",200,0.8525,0,0.13724940000101923,1.0,0.8164781595415869
"dagc_v2@target=0.1,gamma=0.05",201,0.8795,0,0.16555348442867399,1.0,0.78030441856426
"dagc_v2@target=0.1,gamma=0.05",202,0.873,0,0.14609205102548004,1.0,0.7991905429656432
"dagc_v2@target=0.1,gamma=0.1",200,0.85,0,0.1515527186729014,1.0,0.8580059205936679
"dagc_v2@target=0.1,gamma=0.1",201,0.88,0,0.18738574370741845,1.0,0.8443117118177043
"dagc_v2@target=0.1,gamma=0.1",202,0.8655,0,0.16604174150153994,1.0,0.8490781276699241
"dagc_v2@target=0.2,gamma=0.05",200,0.8495,0,0.14088458662852646,1.0,0.793892028524409
"dagc_v2@target=0.2,gamma=0.05",201,0.868,0,0.1628290697000921,1.0,0.7614881441610925
"dagc_v2@target=0.2,gamma=0.05",202,0.8685,0,0.15324038558639586,1.0,0.7808377687272502
"dagc_v2@target=0.2,gamma=0.1",200,0.839,0,0.1513773139566183,1.0,0.847073583193815
"dagc_v2@target=0.2,gamma=0.1",201,0.8755,0,0.16105198418721556,1.0,0.8319040960472104
"dagc_v2@target=0.2,gamma=0.1",202,0.8795,0,0.15608191888779402,1.0,0.8399410711666292
"dagc_v2@target=0.35,gamma=0.05",200,0.8525,0,0.1477635043580085,1.0,0.7632838541827249
"dagc_v2@target=0.35,gamma=0.05",201,0.8725,0,0.16190164471045138,1.0,0.7273094555060541
"dagc_v2@target=0.35,gamma=0.05",202,0.8575,0,0.14619739728048445,1.0,0.7565055491059509
"dagc_v2@target=0.35,gamma=0.1",200,0.8535,0,0.150969163402915,1.0,0.8381000797797852
"dagc_v2@target=0.35,gamma=0.1",201,0.8755,0,0.19200584765523673,1.0,0.8179506211232458
"dagc_v2@target=0.35,gamma=0.1",202,0.867,0,0.1484485330246389,1.0,0.8239611087956313
"dagc_v2@target=0.5,gamma=0.05",200,0.843,0,0.16301444972865284,1.0,0.7229494428955525
"dagc_v2@target=0.5,gamma=0.05",201,0.868,0,0.18490677347406745,1.0,0.6784693301786918
"dagc_v2@target=0.5,gamma=0.05",202,0.865,0,0.1530412239767611,1.0,0.7457425620877113
"dagc_v2@target=0.5,gamma=0.1",200,0.848,0,0.14255197707563638,1.0,0.8068950188176899
"dagc_v2@target=0.5,gamma=0.1",201,0.8695,0,0.17322915008291603,1.0,0.7927380150424865
"dagc_v2@target=0.5,gamma=0.1",202,0.866,0,0.14437099820934235,1.0,0.8025906278848814
"dagc_v2@target=0.7,gamma=0.05",200,0.8415,0,0.24357259614393115,1.0,0.5980596410055561
"dagc_v2@target=0.7,gamma=0.05",201,0.8735,0,0.2099822887405753,1.0,0.6862167748040129
"dagc_v2@target=0.7,gamma=0.05",202,0.8605,0,0.20561875407584013,0.9966666666666667,0.6143314671028103
"dagc_v2@target=0.7,gamma=0.1",200,0.8565,0,0.1405506464652717,1.0,0.7677412420532256
"dagc_v2@target=0.7,gamma=0.1",201,0.8715,0,0.18622174142859876,1.0,0.7460299976080763
"dagc_v2@target=0.7,gamma=0.1",202,0.8705,0,0.15292421294376254,1.0,0.77154909738423
