policy,seed,test_acc,diverged,i_clip,f_clip
v2,900,0.873,0,0.7928555925401264,1.0
v2,901,0.8595,0,0.7991177107775811,1.0
v2,902,0.879,0,0.8042779654137283,1.0
v2,903,0.8585,0,0.7211180546397394,0.9966666666666667
v2,904,0.865,0,0.8117334557218618,1.0
v2,905,0.878,0,0.8244997717564608,1.0
v2,906,0.8635,0,0.8158898285218228,1.0
v2,907,0.867,0,0.815117870620507,1.0
no_alignment,900,0.878,0,0.7975948307488127,1.0
no_alignment,901,0.8485,0,0.7949707236408383,1.0
no_alignment,902,0.875,0,0.8081955903476145,1.0
no_alignment,903,0.851,0,0.6838290266188874,0.9966666666666667
no_alignment,904,0.865,0,0.8091282366395066,1.0
no_alignment,905,0.876,0,0.8108722662289586,1.0
no_alignment,906,0.87,0,0.8081779631967966,1.0
no_alignment,907,0.867,0,0.8073662281392673,1.0
no_exposure,900,0.817,0,0.36027581708026407,0.9433333333333334
no_exposure,901,0.836,0,0.4506288221247337,0.9866666666666667
no_exposure,902,0.809,0,0.4093631538641255,0.9733333333333334
no_exposure,903,0.7845,0,0.1916339594996126,0.6
no_exposure,904,0.811,0,0.41874803687799633,0.97
no_exposure,905,0.807,0,0.44652053915785556,0.99
no_exposure,906,0.82,0,0.5343700839446437,1.0
no_exposure,907,0.8215,0,0.38236605195444257,0.9466666666666667
frozen,900,0.8225,0,0.35503775570931156,0.9466666666666667
frozen,901,0.808,0,0.3633289828309056,0.9466666666666667
frozen,902,0.807,0,0.40175522101166866,0.9466666666666667
frozen,903,0.784,0,0.1306805168665817,0.29
frozen,904,0.8145,0,0.35683478704378857,0.9233333333333333
frozen,905,0.7955,0,0.37892142173575555,0.9466666666666667
frozen,906,0.81,0,0.39308145170624553,0.94
frozen,907,0.818,0,0.39235075823873683,0.9733333333333334
fixed_matched,900,0.874,0,0.7628248709272648,1.0
fixed_matched,901,0.8525,0,0.7594420501114716,1.0
fixed_matched,902,0.8625,0,0.7670061826279906,1.0
fixed_matched,903,0.8445,0,0.7504578775937298,1.0
fixed_matched,904,0.8445,0,0.7711444452792737,1.0
fixed_matched,905,0.868,0,0.7580005951487834,1.0
fixed_matched,906,0.847,0,0.770143453662384,1.0
fixed_matched,907,0.856,0,0.7582209387605933,1.0
replay,900,0.8685,0,0.7794477230596817,1.0
replay,901,0.863,0,0.7870797863275409,1.0
replay,902,0.868,0,0.7981330459133752,1.0
replay,903,0.857,0,0.7925887259884167,1.0
replay,904,0.8765,0,0.7823126481965283,1.0
replay,905,0.8705,0,0.7913435021817443,1.0
replay,906,0.866,0,0.7893574268697241,1.0
replay,907,0.857,0,0.7898947033487916,1.0
autoclip,900,0.8095,0,0.23190465637118918,0.77
autoclip,901,0.8075,0,0.22054139037493564,0.7366666666666667
autoclip,902,0.817,0,0.24917026998458142,0.7866666666666666
autoclip,903,0.785,0,0.25402321630989544,0.74
autoclip,904,0.806,0,0.20451895158533556,0.6866666666666666
autoclip,905,0.8055,0,0.2429738484181206,0.7566666666666667
autoclip,906,0.7525,0,0.2572732170897433,0.7333333333333333
autoclip,907,0.807,0,0.19399771461971563,0.6866666666666666
rate_tracking,900,0.772,0,0.13521652801269934,0.33
rate_tracking,901,0.776,0,0.1522892067426368,0.34
rate_tracking,902,0.783,0,0.19293205776039246,0.38666666666666666
rate_tracking,903,0.7545,0,0.14878997233709504,0.2966666666666667
rate_tracking,904,0.7305,0,0.15518926084555976,0.36333333333333334
rate_tracking,905,0.7235,0,0.1326022084290866,0.31666666666666665
rate_tracking,906,0.7385,0,0.14591958713484474,0.33666666666666667
rate_tracking,907,0.7385,1,0.21496647156123067,0.4089068825910931
