dataset,diverged,divergence_reason,divergence_step,epochs,f_clip,family,i_clip,label,lr,mean_c1,mean_c2,mean_loss,model,n_switch,optimizer,seed,steps_completed,test_acc,test_size,train_size,warmup_adagc,warmup_zclip
fashion_mnist,0,,,15,1.0,fixed,0.7683397972855782,fixed@0.25,0.4,0.2605870093079206,-0.20489864869765162,0.25413482140749694,small_cnn,0,sgd,100,300,0.864,2000,5000,50,25
fashion_mnist,0,,,15,0.9433333333333334,fixed,0.414776664928439,fixed@0.5,0.4,0.13620263148787554,-0.2403404699937728,0.20616066889837384,small_cnn,28,sgd,100,300,0.8615,2000,5000,50,25
fashion_mnist,0,,,15,0.22333333333333333,fixed,0.07503101837082803,fixed@1,0.4,0.10646979276201435,-0.1707821621777546,0.280154824256897,small_cnn,60,sgd,100,300,0.8315,2000,5000,50,25
fashion_mnist,0,,,15,0.03,fixed,0.011423924627246323,fixed@2,0.4,0.12563160367747675,-0.087298011782676,0.29124741949141025,small_cnn,8,sgd,100,300,0.8365,2000,5000,50,25
fashion_mnist,0,,,15,0.04666666666666667,fixed,0.029730700715473225,fixed@4,0.4,0.11011170463661436,-0.12256005392902088,0.4005044626444578,small_cnn,14,sgd,100,300,0.8085,2000,5000,50,25
fashion_mnist,0,,,15,0.08666666666666667,dagc,0.04111010803854485,"dagc@1,0.05",0.4,0.07754290212268153,-0.12634966044429682,0.24518130373209715,small_cnn,18,sgd,100,300,0.849,2000,5000,50,25
fashion_mnist,0,,,15,0.05333333333333334,dagc,0.027627039237923718,"dagc@1,0.15",0.4,0.1223723921632039,-0.1233473035788469,0.2877046702802181,small_cnn,8,sgd,100,300,0.8445,2000,5000,50,25
fashion_mnist,0,,,15,0.36333333333333334,dagc,0.15218324958918372,"dagc@0.5,0.05",0.4,0.1402294938019391,-0.17955408087383093,0.2624710237234831,small_cnn,33,sgd,100,300,0.8405,2000,5000,50,25
fashion_mnist,0,,,15,0.043333333333333335,dagc,0.020508806178448417,"dagc@2,0.15",0.4,0.14255844276977772,-0.06760661851031856,0.45985053464770315,small_cnn,18,sgd,100,300,0.8305,2000,5000,50,25
fashion_mnist,0,,,15,1.0,fixed,0.7584771017144025,fixed@0.25,0.4,0.21094766628958073,-0.21457829240193096,0.23423002015799285,small_cnn,0,sgd,101,300,0.859,2000,5000,50,25
fashion_mnist,0,,,15,0.9066666666666666,fixed,0.3774226634636025,fixed@0.5,0.4,0.11869817741299328,-0.24808707799305518,0.19792238187044858,small_cnn,52,sgd,101,300,0.8585,2000,5000,50,25
fashion_mnist,0,,,15,0.17666666666666667,fixed,0.059618946974255786,fixed@1,0.4,0.07587806484272648,-0.15302783636620032,0.25783084481954577,small_cnn,48,sgd,101,300,0.817,2000,5000,50,25
fashion_mnist,0,,,15,0.04666666666666667,fixed,0.018853176160908605,fixed@2,0.4,0.06938552968869809,-0.1055202199421173,0.30068944104015827,small_cnn,18,sgd,101,300,0.829,2000,5000,50,25
fashion_mnist,0,,,15,0.03666666666666667,fixed,0.01840959362538058,fixed@4,0.4,0.1570519060827013,-0.10366576784696654,0.4086680830270052,small_cnn,14,sgd,101,300,0.8145,2000,5000,50,25
fashion_mnist,0,,,15,0.13,dagc,0.04058592092047839,"dagc@1,0.05",0.4,0.06820020304033439,-0.12899597690381334,0.2785695583373308,small_cnn,20,sgd,101,300,0.823,2000,5000,50,25
fashion_mnist,0,,,15,0.08333333333333333,dagc,0.03366142972267889,"dagc@1,0.15",0.4,0.08513098008082681,-0.1057343932322614,0.27191384360194204,small_cnn,20,sgd,101,300,0.8335,2000,5000,50,25
fashion_mnist,0,,,15,0.2,dagc,0.09102727581949904,"dagc@0.5,0.05",0.4,0.06114777778571216,-0.16954822840962885,0.2683060023933649,small_cnn,33,sgd,101,300,0.84,2000,5000,50,25
fashion_mnist,0,,,15,0.08666666666666667,dagc,0.061952356323944274,"dagc@2,0.15",0.4,0.11104181855309593,-0.09669462207590711,0.6777013063430786,small_cnn,24,sgd,101,300,0.7645,2000,5000,50,25
fashion_mnist,0,,,15,1.0,fixed,0.7741961474875453,fixed@0.25,0.4,0.2520709558457049,-0.25075795251607347,0.26253662098199126,small_cnn,0,sgd,102,300,0.8465,2000,5000,50,25
fashion_mnist,0,,,15,0.96,fixed,0.40919459307988526,fixed@0.5,0.4,0.1319216593724666,-0.21799488705520412,0.22467351295053958,small_cnn,22,sgd,102,300,0.8465,2000,5000,50,25
fashion_mnist,0,,,15,0.18333333333333332,fixed,0.05914741681751943,fixed@1,0.4,0.09772803979640808,-0.17016748244789798,0.27913465540856125,small_cnn,36,sgd,102,300,0.8345,2000,5000,50,25
fashion_mnist,0,,,15,0.05,fixed,0.01866714334639108,fixed@2,0.4,0.11498295539915313,-0.05532710523275821,0.33308387860655786,small_cnn,20,sgd,102,300,0.8395,2000,5000,50,25
fashion_mnist,0,,,15,0.09,fixed,0.05191393617870334,fixed@4,0.4,0.15083158839288413,-0.03211855930752815,0.49643770322203634,small_cnn,20,sgd,102,300,0.812,2000,5000,50,25
fashion_mnist,0,,,15,0.11333333333333333,dagc,0.0466949106475204,"dagc@1,0.05",0.4,0.09818932573999399,-0.12885435767184267,0.29860296316444873,small_cnn,24,sgd,102,300,0.84,2000,5000,50,25
fashion_mnist,0,,,15,0.09,dagc,0.03981666412124477,"dagc@1,0.15",0.4,0.09339082211000614,-0.07873942929432547,0.3765562953799963,small_cnn,20,sgd,102,300,0.8325,2000,5000,50,25
fashion_mnist,0,,,15,0.16666666666666666,dagc,0.08608362381647071,"dagc@0.5,0.05",0.4,0.07340240394104783,-0.17387841123151562,0.3072156374901533,small_cnn,19,sgd,102,300,0.84,2000,5000,50,25
fashion_mnist,1,loss_explosion,36,15,0.4444444444444444,dagc,0.27362792801688723,"dagc@2,0.15",0.4,0.01685961719070162,-0.12738830807125745,11.427071226967705,small_cnn,13,sgd,102,36,0.1135,2000,5000,50,25
fashion_mnist,0,,,15,1.0,fixed,0.6955597882065897,fixed@0.25,0.8,0.13591946981945402,-0.24223209735812407,0.2141894770413637,small_cnn,0,sgd,100,300,0.865,2000,5000,50,25
fashion_mnist,0,,,15,0.93,fixed,0.3625894687754888,fixed@0.5,0.8,0.050951219113998386,-0.14142035981858986,0.3647661419212818,small_cnn,34,sgd,100,300,0.82,2000,5000,50,25
fashion_mnist,0,,,15,0.22333333333333333,fixed,0.08590918941718331,fixed@1,0.8,0.030812392940076636,-0.13874977497749605,0.6431158351898193,small_cnn,52,sgd,100,300,0.757,2000,5000,50,25
fashion_mnist,1,loss_spike,31,15,0.8064516129032258,fixed,0.6179306660843528,fixed@2,0.8,0.02541974522173405,-0.08319644193197119,8.743051244366553,small_cnn,3,sgd,100,31,0.183,2000,5000,50,25
fashion_mnist,0,,,15,0.02,fixed,0.011653785757909112,fixed@4,0.8,0.2626907473058705,0.15929197266775233,2.3103175926208497,small_cnn,8,sgd,100,300,0.104,2000,5000,50,25
fashion_mnist,1,loss_spike,290,15,0.3310344827586207,dagc,0.1383520708241834,"dagc@1,0.05",0.8,-0.02544540399927195,-0.08040780062179288,1.5442060047388078,small_cnn,57,sgd,100,290,0.447,2000,5000,50,25
fashion_mnist,0,,,15,0.29,dagc,0.1275035845839482,"dagc@1,0.15",0.8,0.06381594727398286,-0.11807623917714305,0.6115906143188476,small_cnn,24,sgd,100,300,0.7345,2000,5000,50,25
fashion_mnist,0,,,15,0.9966666666666667,dagc,0.4591610970203209,"dagc@0.5,0.05",0.8,0.07493245988004969,-0.1554706197184348,0.2966159942001104,small_cnn,2,sgd,100,300,0.8365,2000,5000,50,25
fashion_mnist,1,loss_explosion,45,15,0.4222222222222222,dagc,0.33208773731659524,"dagc@2,0.15",0.8,-0.0038847112604840236,0.012738121326926142,6.529280127419366,small_cnn,15,sgd,100,45,0.1655,2000,5000,50,25
fashion_mnist,0,,,15,1.0,fixed,0.6789592563913806,fixed@0.25,0.8,0.14782521064295107,-0.17036021988988923,0.20211647413671016,small_cnn,0,sgd,101,300,0.8495,2000,5000,50,25
fashion_mnist,0,,,15,0.95,fixed,0.37139335500395737,fixed@0.5,0.8,0.0025889103847515325,-0.13200756246474066,0.37549293853342536,small_cnn,28,sgd,101,300,0.826,2000,5000,50,25
fashion_mnist,0,,,15,0.42,fixed,0.18480132038667738,fixed@1,0.8,0.006301188220839984,-0.14381058025056645,0.660512433052063,small_cnn,48,sgd,101,300,0.732,2000,5000,50,25
fashion_mnist,0,,,15,0.09666666666666666,fixed,0.05758375460334693,fixed@2,0.8,0.11337194151251287,-0.11634197788025509,0.6765325546264649,small_cnn,28,sgd,101,300,0.7495,2000,5000,50,25
fashion_mnist,1,loss_spike,33,15,0.3333333333333333,fixed,0.24577942776671874,fixed@4,0.8,-0.13407883298350498,0.06185337294253611,7.689709070957068,small_cnn,15,sgd,101,33,0.0975,2000,5000,50,25
fashion_mnist,0,,,15,0.9133333333333333,dagc,0.3918112547041924,"dagc@1,0.05",0.8,0.014973500865763894,-0.13672587408659972,0.5397464098036289,small_cnn,41,sgd,101,300,0.7635,2000,5000,50,25
fashion_mnist,1,loss_explosion,144,15,0.4930555555555556,dagc,0.25899073190758926,"dagc@1,0.15",0.8,0.0229874972735981,-0.0874306668533983,5.438471427394284,small_cnn,33,sgd,101,144,0.103,2000,5000,50,25
fashion_mnist,0,,,15,0.9766666666666667,dagc,0.4490089414169749,"dagc@0.5,0.05",0.8,0.10410978669050713,-0.15810133229986348,0.3125225451588631,small_cnn,14,sgd,101,300,0.821,2000,5000,50,25
fashion_mnist,1,loss_explosion,25,15,0.64,dagc,0.46960832894943394,"dagc@2,0.15",0.8,-0.29099470623380813,0.13307641365605852,22.20849214553833,small_cnn,9,sgd,101,25,0.0995,2000,5000,50,25
fashion_mnist,0,,,15,1.0,fixed,0.7054761706271561,fixed@0.25,0.8,0.11072063049220521,-0.22479607355499628,0.22438381716609002,small_cnn,0,sgd,102,300,0.853,2000,5000,50,25
fashion_mnist,0,,,15,0.94,fixed,0.3940908003726683,fixed@0.5,0.8,0.02956680816296102,-0.18523271379198553,0.40522299841046333,small_cnn,32,sgd,102,300,0.8245,2000,5000,50,25
fashion_mnist,0,,,15,0.26666666666666666,fixed,0.11176859657552901,fixed@1,0.8,0.01669029412981135,-0.1471495939023721,0.6743343001604081,small_cnn,50,sgd,102,300,0.753,2000,5000,50,25
fashion_mnist,0,,,15,0.11666666666666667,fixed,0.07571417749079491,fixed@2,0.8,0.14189939765628726,-0.15067600304824957,0.7879576072096824,small_cnn,22,sgd,102,300,0.6315,2000,5000,50,25
fashion_mnist,1,loss_explosion,19,15,0.47368421052631576,fixed,0.273376323611095,fixed@4,0.8,0.03909060519395603,0.07219189975191564,8.622731604074177,small_cnn,9,sgd,102,19,0.282,2000,5000,50,25
fashion_mnist,0,,,15,0.9166666666666666,dagc,0.32429100080388223,"dagc@1,0.05",0.8,0.05251125144938873,-0.14244315614251907,0.5043212948739528,small_cnn,35,sgd,102,300,0.7765,2000,5000,50,25
fashion_mnist,0,,,15,0.21333333333333335,dagc,0.08543647010078245,"dagc@1,0.15",0.8,0.06581903463887537,-0.14804899042406613,0.807194941341877,small_cnn,24,sgd,102,300,0.7075,2000,5000,50,25
fashion_mnist,0,,,15,0.2833333333333333,dagc,0.13667412054165187,"dagc@0.5,0.05",0.8,-0.0005419753090070442,-0.13257848070434375,0.8043827398121357,small_cnn,39,sgd,102,300,0.671,2000,5000,50,25
fashion_mnist,1,loss_explosion,37,15,0.5135135135135135,dagc,0.40819215499756967,"dagc@2,0.15",0.8,-0.25263171185118455,-0.01403069586626121,15.182320175944147,small_cnn,15,sgd,102,37,0.08,2000,5000,50,25
