suite,condition,dataset,model,optimizer,policy,seed,test_acc,mean_loss,f_clip,i_clip,n_switch,mean_c1,mean_c2
a3,full_dagc,fashion_mnist,small_cnn,sgd,dagc,0,0.7935,0.8668744370341301,0.9,0.4725220006580807,9,0.21579615771770477,-0.3985922932624817
a3,full_dagc,fashion_mnist,small_cnn,sgd,dagc,1,0.7805,0.9108358356356621,0.9,0.5269061577658968,13,0.24040193855762482,-0.33449527621269226
a3,full_dagc,fashion_mnist,small_cnn,sgd,dagc,2,0.78,0.8681820228695869,0.91,0.46663600036598213,5,0.24613071978092194,-0.2479511946439743
a3,full_dagc,fashion_mnist,small_cnn,sgd,dagc,3,0.806,0.8660863956809044,0.9,0.4838790422272131,7,0.2874745726585388,-0.2307008057832718
a3,full_dagc,fashion_mnist,small_cnn,sgd,dagc,4,0.809,0.9083364549279213,0.91,0.5164047470742803,7,0.2218378782272339,-0.26644423604011536
a3,no_exposure_feedback,fashion_mnist,small_cnn,sgd,dagc,0,0.773,0.856013571023941,0.95,0.6312107816881938,1,0.1528049111366272,-0.366727352142334
a3,no_exposure_feedback,fashion_mnist,small_cnn,sgd,dagc,1,0.774,0.951557446718216,0.96,0.6242045289239497,3,0.33066311478614807,-0.2807876169681549
a3,no_exposure_feedback,fashion_mnist,small_cnn,sgd,dagc,2,0.7555,0.8553172934055329,0.93,0.6370200481963809,1,0.22483083605766296,-0.32492512464523315
a3,no_exposure_feedback,fashion_mnist,small_cnn,sgd,dagc,3,0.8065,0.8633998864889145,0.94,0.6277275346194774,1,0.27086347341537476,-0.280954509973526
a3,no_exposure_feedback,fashion_mnist,small_cnn,sgd,dagc,4,0.7725,0.9322362142801285,0.95,0.6180213026260408,3,0.24211692810058594,-0.2549484968185425
a3,no_alignment_feedback,fashion_mnist,small_cnn,sgd,dagc,0,0.7935,0.8637144687771797,0.88,0.47495129810108677,10,0.21531681716442108,-0.3952074348926544
a3,no_alignment_feedback,fashion_mnist,small_cnn,sgd,dagc,1,0.7815,0.9109262672066688,0.92,0.527217002840279,11,0.24429132044315338,-0.3251666724681854
a3,no_alignment_feedback,fashion_mnist,small_cnn,sgd,dagc,2,0.7825,0.8768164536356926,0.91,0.45188783856773607,5,0.30433347821235657,-0.22558650374412537
a3,no_alignment_feedback,fashion_mnist,small_cnn,sgd,dagc,3,0.7915,0.8666520601511002,0.91,0.4886326057252633,7,0.28419217467308044,-0.24130235612392426
a3,no_alignment_feedback,fashion_mnist,small_cnn,sgd,dagc,4,0.796,0.9100220686197281,0.86,0.5058684863230216,14,0.2206595242023468,-0.28465473651885986
a3,fixed_threshold,fashion_mnist,small_cnn,sgd,dagc,0,0.776,0.8572308897972107,0.95,0.6189603488473686,1,0.15587499737739563,-0.36095520853996277
a3,fixed_threshold,fashion_mnist,small_cnn,sgd,dagc,1,0.774,0.9518441584706306,0.97,0.6253001610822354,1,0.3327826261520386,-0.2797817289829254
a3,fixed_threshold,fashion_mnist,small_cnn,sgd,dagc,2,0.76,0.8564290085434914,0.93,0.6366562139136794,1,0.22481083869934082,-0.3182506859302521
a3,fixed_threshold,fashion_mnist,small_cnn,sgd,dagc,3,0.808,0.86381861358881,0.94,0.6287260022122984,1,0.27145612239837646,-0.2788114845752716
a3,fixed_threshold,fashion_mnist,small_cnn,sgd,dagc,4,0.7655,0.9338395172357559,0.95,0.6151549051388555,3,0.2555062472820282,-0.2415287047624588
a3,fixed_global,fashion_mnist,small_cnn,sgd,fixed,0,0.7675,0.859807017147541,0.94,0.6214797218888998,3,0.16530248522758484,-0.3507329225540161
a3,fixed_global,fashion_mnist,small_cnn,sgd,fixed,1,0.7765,0.9520191216468811,0.97,0.6256720834970474,1,0.3312285542488098,-0.27972209453582764
a3,fixed_global,fashion_mnist,small_cnn,sgd,fixed,2,0.7795,0.8574612262845039,0.93,0.6406118240952492,1,0.22564257681369781,-0.32861214876174927
a3,fixed_global,fashion_mnist,small_cnn,sgd,fixed,3,0.806,0.8649371871352196,0.94,0.6296255030855537,1,0.27184733748435974,-0.2776506245136261
a3,fixed_global,fashion_mnist,small_cnn,sgd,fixed,4,0.7995,0.9332537308335305,0.96,0.6110584336146713,1,0.2519756853580475,-0.29063552618026733
