condition,policy,seed,test_acc,diverged,i_clip
pulse,v2,1000,0.864,0,0.7709828627830103
pulse,v2,1001,0.868,0,0.8066737275291276
pulse,v2,1002,0.8735,0,0.7296671980736428
pulse,v2,1003,0.863,0,0.8088017765608183
pulse,v2,1004,0.8765,0,0.8004419892743002
pulse,v2,1005,0.864,0,0.8018056466840221
pulse,v2,1006,0.8485,0,0.8057639325415086
pulse,v2,1007,0.86,0,0.7472443720233101
pulse,no_alignment,1000,0.8605,0,0.7451174497257641
pulse,no_alignment,1001,0.872,0,0.8055353797084412
pulse,no_alignment,1002,0.8635,0,0.6865189024389889
pulse,no_alignment,1003,0.8705,0,0.8073668456408145
pulse,no_alignment,1004,0.877,0,0.804183501114686
pulse,no_alignment,1005,0.8635,0,0.8034240904245306
pulse,no_alignment,1006,0.8565,0,0.805285319500795
pulse,no_alignment,1007,0.8555,0,0.7247486043226655
pulse,replay,1000,0.8635,0,0.8039896087941438
pulse,replay,1001,0.8745,0,0.7963333836799145
pulse,replay,1002,0.883,0,0.7952452925899514
pulse,replay,1003,0.849,0,0.7924745504268129
pulse,replay,1004,0.8695,0,0.7769697479219319
pulse,replay,1005,0.8685,0,0.7938973074112171
pulse,replay,1006,0.849,0,0.803721252558713
pulse,replay,1007,0.8655,0,0.7910674427776246
drop,v2,1000,0.8615,0,0.7701440583618899
drop,v2,1001,0.8695,0,0.7985957434009937
drop,v2,1002,0.8775,0,0.7373465595646107
drop,v2,1003,0.874,0,0.8050436624699941
drop,v2,1004,0.8735,0,0.8022211310150401
drop,v2,1005,0.8635,0,0.8012080090022407
drop,v2,1006,0.861,0,0.7971597946599227
drop,v2,1007,0.8695,0,0.7343426125276804
drop,no_alignment,1000,0.86,0,0.7211747561795309
drop,no_alignment,1001,0.875,0,0.8013838559635342
drop,no_alignment,1002,0.869,0,0.6414199391539516
drop,no_alignment,1003,0.869,0,0.8005938688904789
drop,no_alignment,1004,0.874,0,0.8006947657352087
drop,no_alignment,1005,0.8665,0,0.8011392303650702
drop,no_alignment,1006,0.8585,0,0.7954329488550781
drop,no_alignment,1007,0.861,0,0.6999047097068082
drop,replay,1000,0.8665,0,0.786000116439028
drop,replay,1001,0.8715,0,0.7843779268122911
drop,replay,1002,0.884,0,0.7858737965916928
drop,replay,1003,0.8625,0,0.7906562652368574
drop,replay,1004,0.879,0,0.7644554297250787
drop,replay,1005,0.86,0,0.7694889279845393
drop,replay,1006,0.8565,0,0.7956152097002938
drop,replay,1007,0.8695,0,0.7788368124528992
