f_clip,i_clip,lr,mean_loss,n_switch,policy,seed,status,test_acc
0.0,0.0,0.05,0.5788512208312749,0,none,0,complete,0.8605
0.0,0.0,0.05,0.6085672683268786,0,none,1,complete,0.8565
0.0,0.0,0.05,0.544889685511589,0,none,2,complete,0.8705
0.935,0.491938013844192,0.05,0.6387016953527928,13,fixed,0,complete,0.847
0.93,0.46090768089517953,0.05,0.7029291009902954,21,fixed,1,complete,0.835
0.93,0.5082718965038657,0.05,0.6491657096147537,13,fixed,2,complete,0.8345
0.645,0.2716611120200654,0.05,0.6254594868421555,42,dagc,0,complete,0.8535
0.615,0.29595410972287245,0.05,0.6688951511681079,44,dagc,1,complete,0.8445
0.535,0.24390534674440414,0.05,0.6294486278295517,40,dagc,2,complete,0.8435
0.0,0.0,0.1,0.49547123357653616,0,none,0,complete,0.867
0.0,0.0,0.1,0.6532754450291395,0,none,1,complete,0.8475
0.0,0.0,0.1,0.573622210919857,0,none,2,complete,0.864
0.665,0.25110753931105134,0.1,0.5555453255772591,63,fixed,0,complete,0.865
0.64,0.2651937269978225,0.1,0.6187129769474268,58,fixed,1,complete,0.865
0.6,0.24141375912353397,0.1,0.573809617459774,60,fixed,2,complete,0.8605
0.235,0.12009970902167526,0.1,0.5433705969899892,14,dagc,0,complete,0.861
0.32,0.15098099660899422,0.1,0.6152931184321642,20,dagc,1,complete,0.8665
0.315,0.15320981772086018,0.1,0.5633009143173695,18,dagc,2,complete,0.8615
0.0,0.0,0.2,1.1159892630577088,0,none,0,complete,0.7535
0.0,0.0,0.2,0.614655971005559,0,none,1,complete,0.8455
0.0,0.0,0.2,0.706991330459714,0,none,2,complete,0.8395
0.31,0.11264251107349992,0.2,0.5063211952894926,56,fixed,0,complete,0.8635
0.35,0.12493157409131526,0.2,0.5290722941979766,54,fixed,1,complete,0.8585
0.33,0.12769652465358378,0.2,0.49253317795693874,42,fixed,2,complete,0.869
0.16,0.08641304058540289,0.2,0.5107597890123725,10,dagc,0,complete,0.86
0.155,0.08167793934016347,0.2,0.5138767061755061,10,dagc,1,complete,0.8555
0.175,0.0796829224017857,0.2,0.48787929814308884,16,dagc,2,complete,0.8665
0.0,0.0,0.4,2.403654951453209,0,none,0,complete,0.0945
0.0,0.0,0.4,nan,0,none,1,complete,0.1075
0.0,0.0,0.4,2.485463311076164,0,none,2,complete,0.095
0.215,0.08062904931604863,0.4,0.5174291396141052,36,fixed,0,complete,0.842
0.305,0.0955040181428194,0.4,0.5175113568454981,52,fixed,1,complete,0.841
0.265,0.10046233117580414,0.4,0.5604202539473772,42,fixed,2,complete,0.8235
0.105,0.06020380834304328,0.4,0.4887370324879885,8,dagc,0,complete,0.8425
0.155,0.056571537037281405,0.4,0.5113268987834454,22,dagc,1,complete,0.8455
0.205,0.06824985375490707,0.4,0.5154194337129593,28,dagc,2,complete,0.829
0.0,0.0,0.8,2.354455502033234,0,none,0,complete,0.0945
0.0,0.0,0.8,nan,0,none,1,complete,0.1075
0.0,0.0,0.8,nan,0,none,2,complete,0.095
0.44,0.1701936175301671,0.8,0.8238993605971336,64,fixed,0,complete,0.7535
0.815,0.4243851969577372,0.8,1.3692871603369712,36,fixed,1,complete,0.663
0.93,0.5320641999691724,0.8,1.648687056005001,21,fixed,2,complete,0.4985
0.35,0.13376295443114214,0.8,0.7681650452315807,38,dagc,0,complete,0.7855
0.42,0.15904006224029435,0.8,0.9139221112430096,38,dagc,1,complete,0.701
0.825,0.3878791111020831,0.8,1.0013862670958043,40,dagc,2,complete,0.745
